Period,Date,Time,Depth,Location,Site,Status,IUCN,Latitude,Longitude,Camera.model,Organisation,Primary.contact,Secondary.contact,Funder,Grant.no,Observer,Successful.count,Successful.length
F_1,20220426,14:54,81,Franklin AMP,F_1,Fished,IUCN VI,-40.592711,144.30624,GoPro Hero10,IMAS,neville.barrett@utas.edu.au,jacquomo.monk@utas.edu.au,Parks Australia,DMP-MPA-2122-038,Lachlan,Yes,Yes
F_2,20220426,16:33,69,Franklin AMP,F_2,Fished,IUCN VI,-40.569406,144.318869,GoPro Hero10,IMAS,neville.barrett@utas.edu.au,jacquomo.monk@utas.edu.au,Parks Australia,DMP-MPA-2122-038,Lachlan,Yes,Yes
F_3,20220422,15:58,83,Franklin AMP,F_3,Fished,IUCN VI,-40.99043,144.281785,GoPro Hero10,IMAS,neville.barrett@utas.edu.au,jacquomo.monk@utas.edu.au,Parks Australia,DMP-MPA-2122-038,Lachlan,Yes,Yes
F_4,20220426,8:18,62,Franklin AMP,F_4,Fished,IUCN VI,-40.603579,144.38321,GoPro Hero10,IMAS,neville.barrett@utas.edu.au,jacquomo.monk@utas.edu.au,Parks Australia,DMP-MPA-2122-038,Lachlan,Yes,Yes
F_5,20220427,14:45,50,Franklin AMP,F_5,Fished,IUCN VI,-40.532138,144.35105,GoPro Hero10,IMAS,neville.barrett@utas.edu.au,jacquomo.monk@utas.edu.au,Parks Australia,DMP-MPA-2122-038,Lachlan,Yes,Yes
F_6,20220425,9:14,67,Franklin AMP,F_6,Fished,IUCN VI,-40.736687,144.358578,GoPro Hero10,IMAS,neville.barrett@utas.edu.au,jacquomo.monk@utas.edu.au,Parks Australia,DMP-MPA-2122-038,Lachlan,Yes,Yes
F_7,20220425,13:20,97,Franklin AMP,F_7,Fished,IUCN VI,-40.751671,144.240729,GoPro Hero10,IMAS,neville.barrett@utas.edu.au,jacquomo.monk@utas.edu.au,Parks Australia,DMP-MPA-2122-038,Lachlan,Yes,Yes
F_8,20220428,15:40,51,Franklin AMP,F_8,Fished,IUCN VI,-40.548128,144.364943,GoPro Hero10,IMAS,neville.barrett@utas.edu.au,jacquomo.monk@utas.edu.au,Parks Australia,DMP-MPA-2122-038,Lachlan,Yes,Yes
F_9,20220427,16:32,68,Franklin AMP,F_9,Fished,IUCN VI,-40.575131,144.340494,GoPro Hero10,IMAS,neville.barrett@utas.edu.au,jacquomo.monk@utas.edu.au,Parks Australia,DMP-MPA-2122-038,Lachlan,Yes,Yes
F_10,20220427,11:35,91,Franklin AMP,F_10,Fished,IUCN VI,-40.603059,144.275098,GoPro Hero10,IMAS,neville.barrett@utas.edu.au,jacquomo.monk@utas.edu.au,Parks Australia,DMP-MPA-2122-038,Lachlan,Yes,Yes
F_11,20220429,11:02,45,Franklin AMP,F_11,Fished,IUCN VI,-40.561676,144.382364,GoPro Hero10,IMAS,neville.barrett@utas.edu.au,jacquomo.monk@utas.edu.au,Parks Australia,DMP-MPA-2122-038,Lachlan,Yes,Yes
F_12,20220422,17:21,79,Franklin AMP,F_12,Fished,IUCN VI,-40.995399,144.267197,GoPro Hero10,IMAS,neville.barrett@utas.edu.au,jacquomo.monk@utas.edu.au,Parks Australia,DMP-MPA-2122-038,Lachlan,Yes,Yes
F_13,20220425,7:40,87,Franklin AMP,F_13,Fished,IUCN VI,-40.725783,144.338764,GoPro Hero10,IMAS,neville.barrett@utas.edu.au,jacquomo.monk@utas.edu.au,Parks Australia,DMP-MPA-2122-038,Lachlan,Yes,Yes
F_14,20220424,8:15,98,Franklin AMP,F_14,Fished,IUCN VI,-40.9413,144.310646,GoPro Hero10,IMAS,neville.barrett@utas.edu.au,jacquomo.monk@utas.edu.au,Parks Australia,DMP-MPA-2122-038,Lachlan,Yes,Yes
F_15,20220429,14:49,49,Franklin AMP,F_15,Fished,IUCN VI,-40.5302,144.380639,GoPro Hero10,IMAS,neville.barrett@utas.edu.au,jacquomo.monk@utas.edu.au,Parks Australia,DMP-MPA-2122-038,Lachlan,Yes,Yes
F_16,20220423,7:57,82,Franklin AMP,F_16,Fished,IUCN VI,-40.979861,144.276634,GoPro Hero10,IMAS,neville.barrett@utas.edu.au,jacquomo.monk@utas.edu.au,Parks Australia,DMP-MPA-2122-038,Lachlan,Yes,Yes
F_17,20220423,12:09,102,Franklin AMP,F_17,Fished,IUCN VI,-40.971806,144.188791,GoPro Hero10,IMAS,neville.barrett@utas.edu.au,jacquomo.monk@utas.edu.au,Parks Australia,DMP-MPA-2122-038,Lachlan,Yes,Yes
F_18,20220427,11:53,86,Franklin AMP,F_18,Fished,IUCN VI,-40.602782,144.290118,GoPro Hero10,IMAS,neville.barrett@utas.edu.au,jacquomo.monk@utas.edu.au,Parks Australia,DMP-MPA-2122-038,Lachlan,Yes,Yes
F_19,20220428,14:19,50,Franklin AMP,F_19,Fished,IUCN VI,-40.533137,144.339677,GoPro Hero10,IMAS,neville.barrett@utas.edu.au,jacquomo.monk@utas.edu.au,Parks Australia,DMP-MPA-2122-038,Lachlan,Yes,Yes
F_20,20220424,15:58,96,Franklin AMP,F_20,Fished,IUCN VI,-40.791395,144.286369,GoPro Hero10,IMAS,neville.barrett@utas.edu.au,jacquomo.monk@utas.edu.au,Parks Australia,DMP-MPA-2122-038,Lachlan,Yes,Yes
F_22,20220429,11:53,46,Franklin AMP,F_22,Fished,IUCN VI,-40.560478,144.369301,GoPro Hero10,IMAS,neville.barrett@utas.edu.au,jacquomo.monk@utas.edu.au,Parks Australia,DMP-MPA-2122-038,Lachlan,Yes,Yes
F_23,20220428,8:42,56,Franklin AMP,F_23,Fished,IUCN VI,-40.539851,144.326188,GoPro Hero10,IMAS,neville.barrett@utas.edu.au,jacquomo.monk@utas.edu.au,Parks Australia,DMP-MPA-2122-038,Lachlan,Yes,Yes
F_24,20220428,17:08,44,Franklin AMP,F_24,Fished,IUCN VI,-40.552847,144.378339,GoPro Hero10,IMAS,neville.barrett@utas.edu.au,jacquomo.monk@utas.edu.au,Parks Australia,DMP-MPA-2122-038,Lachlan,Yes,Yes
F_26,20220427,17:10,65,Franklin AMP,F_26,Fished,IUCN VI,-40.561225,144.342935,GoPro Hero10,IMAS,neville.barrett@utas.edu.au,jacquomo.monk@utas.edu.au,Parks Australia,DMP-MPA-2122-038,Lachlan,Yes,Yes
F_27,20220423,14:31,104,Franklin AMP,F_27,Fished,IUCN VI,-40.941549,144.218701,GoPro Hero10,IMAS,neville.barrett@utas.edu.au,jacquomo.monk@utas.edu.au,Parks Australia,DMP-MPA-2122-038,Lachlan,Yes,Yes
F_28,20220428,12:31,49,Franklin AMP,F_28,Fished,IUCN VI,-40.549721,144.355788,GoPro Hero10,IMAS,neville.barrett@utas.edu.au,jacquomo.monk@utas.edu.au,Parks Australia,DMP-MPA-2122-038,Lachlan,Yes,Yes
F_29,20220423,17:00,109,Franklin AMP,F_29,Fished,IUCN VI,-40.950013,144.244837,GoPro Hero10,IMAS,neville.barrett@utas.edu.au,jacquomo.monk@utas.edu.au,Parks Australia,DMP-MPA-2122-038,Lachlan,Yes,Yes
F_30,20220424,10:47,99,Franklin AMP,F_30,Fished,IUCN VI,-40.895793,144.305844,GoPro Hero10,IMAS,neville.barrett@utas.edu.au,jacquomo.monk@utas.edu.au,Parks Australia,DMP-MPA-2122-038,Lachlan,Yes,Yes
F_31,20220428,16:13,40,Franklin AMP,F_31,Fished,IUCN VI,-40.55504,144.359948,GoPro Hero10,IMAS,neville.barrett@utas.edu.au,jacquomo.monk@utas.edu.au,Parks Australia,DMP-MPA-2122-038,Lachlan,Yes,Yes
F_32,20220425,15:53,90,Franklin AMP,F_32,Fished,IUCN VI,-40.641232,144.262903,GoPro Hero10,IMAS,neville.barrett@utas.edu.au,jacquomo.monk@utas.edu.au,Parks Australia,DMP-MPA-2122-038,Lachlan,Yes,Yes
F_33,20220426,14:01,86,Franklin AMP,F_33,Fished,IUCN VI,-40.604852,144.305398,GoPro Hero10,IMAS,neville.barrett@utas.edu.au,jacquomo.monk@utas.edu.au,Parks Australia,DMP-MPA-2122-038,Lachlan,Yes,Yes
F_34,20220422,17:09,81,Franklin AMP,F_34,Fished,IUCN VI,-40.997058,144.264989,GoPro Hero10,IMAS,neville.barrett@utas.edu.au,jacquomo.monk@utas.edu.au,Parks Australia,DMP-MPA-2122-038,Lachlan,Yes,Yes
F_35,20220428,10:08,54,Franklin AMP,F_35,Fished,IUCN VI,-40.550476,144.333795,GoPro Hero10,IMAS,neville.barrett@utas.edu.au,jacquomo.monk@utas.edu.au,Parks Australia,DMP-MPA-2122-038,Lachlan,Yes,Yes
F_36,20220427,15:36,67,Franklin AMP,F_36,Fished,IUCN VI,-40.58638,144.355762,GoPro Hero10,IMAS,neville.barrett@utas.edu.au,jacquomo.monk@utas.edu.au,Parks Australia,DMP-MPA-2122-038,Lachlan,Yes,Yes
F_37,20220427,16:58,63,Franklin AMP,F_37,Fished,IUCN VI,-40.5624,144.350919,GoPro Hero10,IMAS,neville.barrett@utas.edu.au,jacquomo.monk@utas.edu.au,Parks Australia,DMP-MPA-2122-038,Lachlan,Yes,Yes
F_38,20220426,14:29,84,Franklin AMP,F_38,Fished,IUCN VI,-40.596684,144.302772,GoPro Hero10,IMAS,neville.barrett@utas.edu.au,jacquomo.monk@utas.edu.au,Parks Australia,DMP-MPA-2122-038,Lachlan,Yes,Yes
F_39,20220426,16:02,69,Franklin AMP,F_39,Fished,IUCN VI,-40.57365,144.327086,GoPro Hero10,IMAS,neville.barrett@utas.edu.au,jacquomo.monk@utas.edu.au,Parks Australia,DMP-MPA-2122-038,Lachlan,Yes,Yes
F_40,20220423,11:43,100,Franklin AMP,F_40,Fished,IUCN VI,-40.981184,144.189224,GoPro Hero10,IMAS,neville.barrett@utas.edu.au,jacquomo.monk@utas.edu.au,Parks Australia,DMP-MPA-2122-038,Lachlan,Yes,Yes
F_41,20220423,10:07,88,Franklin AMP,F_41,Fished,IUCN VI,-40.99467,144.259263,GoPro Hero10,IMAS,neville.barrett@utas.edu.au,jacquomo.monk@utas.edu.au,Parks Australia,DMP-MPA-2122-038,Lachlan,Yes,Yes
F_42,20220429,10:02,56,Franklin AMP,F_42,Fished,IUCN VI,-40.555502,144.39217,GoPro Hero10,IMAS,neville.barrett@utas.edu.au,jacquomo.monk@utas.edu.au,Parks Australia,DMP-MPA-2122-038,Lachlan,Yes,Yes
F_43,20220426,8:31,67,Franklin AMP,F_43,Fished,IUCN VI,-40.602305,144.378651,GoPro Hero10,IMAS,neville.barrett@utas.edu.au,jacquomo.monk@utas.edu.au,Parks Australia,DMP-MPA-2122-038,Lachlan,Yes,Yes
F_44,20220424,15:12,98,Franklin AMP,F_44,Fished,IUCN VI,-40.840691,144.314483,GoPro Hero10,IMAS,neville.barrett@utas.edu.au,jacquomo.monk@utas.edu.au,Parks Australia,DMP-MPA-2122-038,Lachlan,Yes,Yes
F_45,20220428,15:30,49,Franklin AMP,F_45,Fished,IUCN VI,-40.54712,144.372068,GoPro Hero10,IMAS,neville.barrett@utas.edu.au,jacquomo.monk@utas.edu.au,Parks Australia,DMP-MPA-2122-038,Lachlan,Yes,Yes
F_46,20220427,13:43,83,Franklin AMP,F_46,Fished,IUCN VI,-40.58046,144.283104,GoPro Hero10,IMAS,neville.barrett@utas.edu.au,jacquomo.monk@utas.edu.au,Parks Australia,DMP-MPA-2122-038,Lachlan,Yes,Yes
F_47,20220425,17:16,90,Franklin AMP,F_47,Fished,IUCN VI,-40.649129,144.303734,GoPro Hero10,IMAS,neville.barrett@utas.edu.au,jacquomo.monk@utas.edu.au,Parks Australia,DMP-MPA-2122-038,Lachlan,Yes,Yes
F_49,20220427,7:54,52,Franklin AMP,F_49,Fished,IUCN VI,-40.531547,144.32156,GoPro Hero10,IMAS,neville.barrett@utas.edu.au,jacquomo.monk@utas.edu.au,Parks Australia,DMP-MPA-2122-038,Lachlan,Yes,Yes
F_50,20220422,16:14,76,Franklin AMP,F_50,Fished,IUCN VI,-40.994424,144.27544,GoPro Hero10,IMAS,neville.barrett@utas.edu.au,jacquomo.monk@utas.edu.au,Parks Australia,DMP-MPA-2122-038,Lachlan,Yes,Yes
F_51,20220424,16:40,97,Franklin AMP,F_51,Fished,IUCN VI,-40.810974,144.249771,GoPro Hero10,IMAS,neville.barrett@utas.edu.au,jacquomo.monk@utas.edu.au,Parks Australia,DMP-MPA-2122-038,Lachlan,Yes,Yes
F_52,20220428,10:20,42,Franklin AMP,F_52,Fished,IUCN VI,-40.5477,144.338392,GoPro Hero10,IMAS,neville.barrett@utas.edu.au,jacquomo.monk@utas.edu.au,Parks Australia,DMP-MPA-2122-038,Lachlan,Yes,Yes
F_53,20220427,13:15,86,Franklin AMP,F_53,Fished,IUCN VI,-40.591515,144.278285,GoPro Hero10,IMAS,neville.barrett@utas.edu.au,jacquomo.monk@utas.edu.au,Parks Australia,DMP-MPA-2122-038,Lachlan,Yes,Yes
F_54,20220428,12:00,44,Franklin AMP,F_54,Fished,IUCN VI,-40.551996,144.352865,GoPro Hero10,IMAS,neville.barrett@utas.edu.au,jacquomo.monk@utas.edu.au,Parks Australia,DMP-MPA-2122-038,Lachlan,Yes,Yes
F_55,20220426,9:25,73,Franklin AMP,F_55,Fished,IUCN VI,-40.599329,144.362696,GoPro Hero10,IMAS,neville.barrett@utas.edu.au,jacquomo.monk@utas.edu.au,Parks Australia,DMP-MPA-2122-038,Lachlan,Yes,Yes
F_57,20220428,8:11,54,Franklin AMP,F_57,Fished,IUCN VI,-40.537195,144.335975,GoPro Hero10,IMAS,neville.barrett@utas.edu.au,jacquomo.monk@utas.edu.au,Parks Australia,DMP-MPA-2122-038,Lachlan,Yes,Yes
F_58,20220424,9:10,100,Franklin AMP,F_58,Fished,IUCN VI,-40.936816,144.280779,GoPro Hero10,IMAS,neville.barrett@utas.edu.au,jacquomo.monk@utas.edu.au,Parks Australia,DMP-MPA-2122-038,Lachlan,Yes,Yes
F_59,20220428,13:50,51,Franklin AMP,F_59,Fished,IUCN VI,-40.54135,144.348207,GoPro Hero10,IMAS,neville.barrett@utas.edu.au,jacquomo.monk@utas.edu.au,Parks Australia,DMP-MPA-2122-038,Lachlan,Yes,Yes
F_60,20220429,15:16,50,Franklin AMP,F_60,Fished,IUCN VI,-40.534517,144.392276,GoPro Hero10,IMAS,neville.barrett@utas.edu.au,jacquomo.monk@utas.edu.au,Parks Australia,DMP-MPA-2122-038,Lachlan,Yes,Yes
F_61,20220429,8:17,63,Franklin AMP,F_61,Fished,IUCN VI,-40.58141,144.378759,GoPro Hero10,IMAS,neville.barrett@utas.edu.au,jacquomo.monk@utas.edu.au,Parks Australia,DMP-MPA-2122-038,Lachlan,Yes,Yes
F_62,20220424,8:44,97,Franklin AMP,F_62,Fished,IUCN VI,-40.943921,144.28417,GoPro Hero10,IMAS,neville.barrett@utas.edu.au,jacquomo.monk@utas.edu.au,Parks Australia,DMP-MPA-2122-038,Lachlan,Yes,Yes
F_63,20220425,7:57,96,Franklin AMP,F_63,Fished,IUCN VI,-40.732558,144.324048,GoPro Hero10,IMAS,neville.barrett@utas.edu.au,jacquomo.monk@utas.edu.au,Parks Australia,DMP-MPA-2122-038,Lachlan,Yes,Yes
F_64,20220424,14:06,99,Franklin AMP,F_64,Fished,IUCN VI,-40.846229,144.225065,GoPro Hero10,IMAS,neville.barrett@utas.edu.au,jacquomo.monk@utas.edu.au,Parks Australia,DMP-MPA-2122-038,Lachlan,Yes,Yes
F_65,20220426,15:52,70,Franklin AMP,F_65,Fished,IUCN VI,-40.575242,144.321943,GoPro Hero10,IMAS,neville.barrett@utas.edu.au,jacquomo.monk@utas.edu.au,Parks Australia,DMP-MPA-2122-038,Lachlan,Yes,Yes
F_66,20220424,9:37,97,Franklin AMP,F_66,Fished,IUCN VI,-40.928347,144.292171,GoPro Hero10,IMAS,neville.barrett@utas.edu.au,jacquomo.monk@utas.edu.au,Parks Australia,DMP-MPA-2122-038,Lachlan,Yes,Yes
F_67,20220427,10:09,77,Franklin AMP,F_67,Fished,IUCN VI,-40.556514,144.276043,GoPro Hero10,IMAS,neville.barrett@utas.edu.au,jacquomo.monk@utas.edu.au,Parks Australia,DMP-MPA-2122-038,Lachlan,Yes,Yes
F_68,20220423,15:18,105,Franklin AMP,F_68,Fished,IUCN VI,-40.932962,144.236163,GoPro Hero10,IMAS,neville.barrett@utas.edu.au,jacquomo.monk@utas.edu.au,Parks Australia,DMP-MPA-2122-038,Lachlan,Yes,Yes
F_69,20220429,9:50,58,Franklin AMP,F_69,Fished,IUCN VI,-40.562514,144.395559,GoPro Hero10,IMAS,neville.barrett@utas.edu.au,jacquomo.monk@utas.edu.au,Parks Australia,DMP-MPA-2122-038,Lachlan,Yes,Yes
F_70,20220422,15:12,78,Franklin AMP,F_70,Fished,IUCN VI,-40.996531,144.292234,GoPro Hero10,IMAS,neville.barrett@utas.edu.au,jacquomo.monk@utas.edu.au,Parks Australia,DMP-MPA-2122-038,Lachlan,Yes,Yes
F_71,20220426,10:20,71,Franklin AMP,F_71,Fished,IUCN VI,-40.609276,144.376251,GoPro Hero10,IMAS,neville.barrett@utas.edu.au,jacquomo.monk@utas.edu.au,Parks Australia,DMP-MPA-2122-038,Lachlan,Yes,Yes
F_72,20220428,13:30,50,Franklin AMP,F_72,Fished,IUCN VI,-40.538008,144.355659,GoPro Hero10,IMAS,neville.barrett@utas.edu.au,jacquomo.monk@utas.edu.au,Parks Australia,DMP-MPA-2122-038,Lachlan,Yes,Yes
F_73,20220428,16:39,45,Franklin AMP,F_73,Fished,IUCN VI,-40.554032,144.367074,GoPro Hero10,IMAS,neville.barrett@utas.edu.au,jacquomo.monk@utas.edu.au,Parks Australia,DMP-MPA-2122-038,Lachlan,Yes,Yes
F_74,20220428,7:52,51,Franklin AMP,F_74,Fished,IUCN VI,-40.533473,144.326914,GoPro Hero10,IMAS,neville.barrett@utas.edu.au,jacquomo.monk@utas.edu.au,Parks Australia,DMP-MPA-2122-038,Lachlan,Yes,Yes
F_75,20220425,16:27,88,Franklin AMP,F_75,Fished,IUCN VI,-40.631495,144.232326,GoPro Hero10,IMAS,neville.barrett@utas.edu.au,jacquomo.monk@utas.edu.au,Parks Australia,DMP-MPA-2122-038,Lachlan,Yes,Yes
F_76,20220427,14:52,75,Franklin AMP,F_76,Fished,IUCN VI,-40.577454,144.304726,GoPro Hero10,IMAS,neville.barrett@utas.edu.au,jacquomo.monk@utas.edu.au,Parks Australia,DMP-MPA-2122-038,Lachlan,Yes,Yes
F_77,20220428,10:48,45,Franklin AMP,F_77,Fished,IUCN VI,-40.554779,144.34071,GoPro Hero10,IMAS,neville.barrett@utas.edu.au,jacquomo.monk@utas.edu.au,Parks Australia,DMP-MPA-2122-038,Lachlan,Yes,Yes
F_78,20220424,10:22,103,Franklin AMP,F_78,Fished,IUCN VI,-40.906926,144.269896,GoPro Hero10,IMAS,neville.barrett@utas.edu.au,jacquomo.monk@utas.edu.au,Parks Australia,DMP-MPA-2122-038,Lachlan,Yes,Yes
F_79,20220426,15:04,79,Franklin AMP,F_79,Fished,IUCN VI,-40.593339,144.309996,GoPro Hero10,IMAS,neville.barrett@utas.edu.au,jacquomo.monk@utas.edu.au,Parks Australia,DMP-MPA-2122-038,Lachlan,Yes,Yes
F_80,20220429,14:28,49,Franklin AMP,F_80,Fished,IUCN VI,-40.536038,144.383835,GoPro Hero10,IMAS,neville.barrett@utas.edu.au,jacquomo.monk@utas.edu.au,Parks Australia,DMP-MPA-2122-038,Lachlan,Yes,Yes
F_81,20220425,15:32,90,Franklin AMP,F_81,Fished,IUCN VI,-40.6613,144.273556,GoPro Hero10,IMAS,neville.barrett@utas.edu.au,jacquomo.monk@utas.edu.au,Parks Australia,DMP-MPA-2122-038,Lachlan,Yes,Yes
F_82,20220428,8:32,55,Franklin AMP,F_82,Fished,IUCN VI,-40.538793,144.331071,GoPro Hero10,IMAS,neville.barrett@utas.edu.au,jacquomo.monk@utas.edu.au,Parks Australia,DMP-MPA-2122-038,Lachlan,Yes,Yes
F_83,20220426,15:28,79,Franklin AMP,F_83,Fished,IUCN VI,-40.585678,144.31751,GoPro Hero10,IMAS,neville.barrett@utas.edu.au,jacquomo.monk@utas.edu.au,Parks Australia,DMP-MPA-2122-038,Lachlan,Yes,Yes
F_84,20220428,15:48,48,Franklin AMP,F_84,Fished,IUCN VI,-40.550423,144.362846,GoPro Hero10,IMAS,neville.barrett@utas.edu.au,jacquomo.monk@utas.edu.au,Parks Australia,DMP-MPA-2122-038,Lachlan,Yes,Yes
F_85,20220429,15:58,49,Franklin AMP,F_85,Fished,IUCN VI,-40.543385,144.398072,GoPro Hero10,IMAS,neville.barrett@utas.edu.au,jacquomo.monk@utas.edu.au,Parks Australia,DMP-MPA-2122-038,Lachlan,Yes,Yes
F_86,20220427,7:42,64,Franklin AMP,F_86,Fished,IUCN VI,-40.529744,144.317618,GoPro Hero10,IMAS,neville.barrett@utas.edu.au,jacquomo.monk@utas.edu.au,Parks Australia,DMP-MPA-2122-038,Lachlan,Yes,Yes
F_87,20220428,9:57,44,Franklin AMP,F_87,Fished,IUCN VI,-40.545897,144.334449,GoPro Hero10,IMAS,neville.barrett@utas.edu.au,jacquomo.monk@utas.edu.au,Parks Australia,DMP-MPA-2122-038,Lachlan,Yes,Yes
F_88,20220427,15:48,67,Franklin AMP,F_88,Fished,IUCN VI,-40.581711,144.356418,GoPro Hero10,IMAS,neville.barrett@utas.edu.au,jacquomo.monk@utas.edu.au,Parks Australia,DMP-MPA-2122-038,Lachlan,Yes,Yes
F_89,20220425,16:55,90,Franklin AMP,F_89,Fished,IUCN VI,-40.63635,144.281193,GoPro Hero10,IMAS,neville.barrett@utas.edu.au,jacquomo.monk@utas.edu.au,Parks Australia,DMP-MPA-2122-038,Lachlan,Yes,Yes
F_90,20220422,15:26,80,Franklin AMP,F_90,Fished,IUCN VI,-40.998129,144.287413,GoPro Hero10,IMAS,neville.barrett@utas.edu.au,jacquomo.monk@utas.edu.au,Parks Australia,DMP-MPA-2122-038,Lachlan,Yes,Yes
F_91,20220425,14:33,91,Franklin AMP,F_91,Fished,IUCN VI,-40.695913,144.225518,GoPro Hero10,IMAS,neville.barrett@utas.edu.au,jacquomo.monk@utas.edu.au,Parks Australia,DMP-MPA-2122-038,Lachlan,Yes,Yes
F_93,20220428,17:46,45,Franklin AMP,F_93,Fished,IUCN VI,-40.561199,144.373288,GoPro Hero10,IMAS,neville.barrett@utas.edu.au,jacquomo.monk@utas.edu.au,Parks Australia,DMP-MPA-2122-038,Lachlan,Yes,Yes
F_94,20220423,9:02,92,Franklin AMP,F_94,Fished,IUCN VI,-40.971874,144.285519,GoPro Hero10,IMAS,neville.barrett@utas.edu.au,jacquomo.monk@utas.edu.au,Parks Australia,DMP-MPA-2122-038,Lachlan,Yes,Yes
F_95,20220427,16:21,71,Franklin AMP,F_95,Fished,IUCN VI,-40.576259,144.346474,GoPro Hero10,IMAS,neville.barrett@utas.edu.au,jacquomo.monk@utas.edu.au,Parks Australia,DMP-MPA-2122-038,Lachlan,Yes,Yes
F_96,20220428,8:50,57,Franklin AMP,F_96,Fished,IUCN VI,-40.540353,144.324515,GoPro Hero10,IMAS,neville.barrett@utas.edu.au,jacquomo.monk@utas.edu.au,Parks Australia,DMP-MPA-2122-038,Lachlan,Yes,Yes
F_97,20220429,8:55,60,Franklin AMP,F_97,Fished,IUCN VI,-40.569497,144.393635,GoPro Hero10,IMAS,neville.barrett@utas.edu.au,jacquomo.monk@utas.edu.au,Parks Australia,DMP-MPA-2122-038,Lachlan,Yes,Yes
F_98,20220429,13:41,51,Franklin AMP,F_98,Fished,IUCN VI,-40.545517,144.388779,GoPro Hero10,IMAS,neville.barrett@utas.edu.au,jacquomo.monk@utas.edu.au,Parks Australia,DMP-MPA-2122-038,Lachlan,Yes,Yes
F_99,20220423,9:49,87,Franklin AMP,F_99,Fished,IUCN VI,-40.978952,144.264905,GoPro Hero10,IMAS,neville.barrett@utas.edu.au,jacquomo.monk@utas.edu.au,Parks Australia,DMP-MPA-2122-038,Lachlan,Yes,Yes
F_100,20220427,12:07,87,Franklin AMP,F_100,Fished,IUCN VI,-40.602014,144.28424,GoPro Hero10,IMAS,neville.barrett@utas.edu.au,jacquomo.monk@utas.edu.au,Parks Australia,DMP-MPA-2122-038,Lachlan,Yes,Yes
F_101,20220425,8:17,94,Franklin AMP,F_101,Fished,IUCN VI,-40.743839,144.294108,GoPro Hero10,IMAS,neville.barrett@utas.edu.au,jacquomo.monk@utas.edu.au,Parks Australia,DMP-MPA-2122-038,Lachlan,Yes,Yes
F_102,20220428,13:40,49,Franklin AMP,F_102,Fished,IUCN VI,-40.536733,144.351105,GoPro Hero10,IMAS,neville.barrett@utas.edu.au,jacquomo.monk@utas.edu.au,Parks Australia,DMP-MPA-2122-038,Lachlan,Yes,Yes
F_103,20220428,9:19,60,Franklin AMP,F_103,Fished,IUCN VI,-40.547983,144.327281,GoPro Hero10,IMAS,neville.barrett@utas.edu.au,jacquomo.monk@utas.edu.au,Parks Australia,DMP-MPA-2122-038,Lachlan,Yes,Yes
F_104,20220426,13:42,82,Franklin AMP,F_104,Fished,IUCN VI,-40.61092,144.326192,GoPro Hero10,IMAS,neville.barrett@utas.edu.au,jacquomo.monk@utas.edu.au,Parks Australia,DMP-MPA-2122-038,Lachlan,Yes,Yes
F_105,20220423,15:45,104,Franklin AMP,F_105,Fished,IUCN VI,-40.92142,144.239376,GoPro Hero10,IMAS,neville.barrett@utas.edu.au,jacquomo.monk@utas.edu.au,Parks Australia,DMP-MPA-2122-038,Lachlan,Yes,Yes
F_106,20220426,8:43,58,Franklin AMP,F_106,Fished,IUCN VI,-40.597729,144.379421,GoPro Hero10,IMAS,neville.barrett@utas.edu.au,jacquomo.monk@utas.edu.au,Parks Australia,DMP-MPA-2122-038,Lachlan,Yes,Yes
F_107,20220425,11:54,82,Franklin AMP,F_107,Fished,IUCN VI,-40.683387,144.343884,GoPro Hero10,IMAS,neville.barrett@utas.edu.au,jacquomo.monk@utas.edu.au,Parks Australia,DMP-MPA-2122-038,Lachlan,Yes,Yes
F_108,20220427,14:40,74,Franklin AMP,F_108,Fished,IUCN VI,-40.576204,144.30135,GoPro Hero10,IMAS,neville.barrett@utas.edu.au,jacquomo.monk@utas.edu.au,Parks Australia,DMP-MPA-2122-038,Lachlan,Yes,Yes
F_109,20220428,15:19,50,Franklin AMP,F_109,Fished,IUCN VI,-40.542541,144.372719,GoPro Hero10,IMAS,neville.barrett@utas.edu.au,jacquomo.monk@utas.edu.au,Parks Australia,DMP-MPA-2122-038,Lachlan,Yes,Yes
F_110,20220423,8:35,90,Franklin AMP,F_110,Fished,IUCN VI,-40.977139,144.298732,GoPro Hero10,IMAS,neville.barrett@utas.edu.au,jacquomo.monk@utas.edu.au,Parks Australia,DMP-MPA-2122-038,Lachlan,Yes,Yes
F_111,20220427,17:19,46,Franklin AMP,F_111,Fished,IUCN VI,-40.557549,144.34367,GoPro Hero10,IMAS,neville.barrett@utas.edu.au,jacquomo.monk@utas.edu.au,Parks Australia,DMP-MPA-2122-038,Lachlan,Yes,Yes
F_112,20220426,17:47,68,Franklin AMP,F_112,Fished,IUCN VI,-40.544949,144.3091,GoPro Hero10,IMAS,neville.barrett@utas.edu.au,jacquomo.monk@utas.edu.au,Parks Australia,DMP-MPA-2122-038,Lachlan,Yes,Yes
F_113,20220423,17:20,98,Franklin AMP,F_113,Fished,IUCN VI,-40.958128,144.267904,GoPro Hero10,IMAS,neville.barrett@utas.edu.au,jacquomo.monk@utas.edu.au,Parks Australia,DMP-MPA-2122-038,Lachlan,Yes,Yes
F_114,20220427,13:56,82,Franklin AMP,F_114,Fished,IUCN VI,-40.578068,144.277176,GoPro Hero10,IMAS,neville.barrett@utas.edu.au,jacquomo.monk@utas.edu.au,Parks Australia,DMP-MPA-2122-038,Lachlan,Yes,Yes
F_115,20220429,11:22,49,Franklin AMP,F_115,Fished,IUCN VI,-40.562728,144.377126,GoPro Hero10,IMAS,neville.barrett@utas.edu.au,jacquomo.monk@utas.edu.au,Parks Australia,DMP-MPA-2122-038,Lachlan,Yes,Yes
F_116,20220422,16:39,77,Franklin AMP,F_116,Fished,IUCN VI,-40.996634,144.273684,GoPro Hero10,IMAS,neville.barrett@utas.edu.au,jacquomo.monk@utas.edu.au,Parks Australia,DMP-MPA-2122-038,Lachlan,Yes,Yes
F_117,20220426,11:34,90,Franklin AMP,F_117,Fished,IUCN VI,-40.643816,144.315419,GoPro Hero10,IMAS,neville.barrett@utas.edu.au,jacquomo.monk@utas.edu.au,Parks Australia,DMP-MPA-2122-038,Lachlan,Yes,Yes
F_118,20220428,10:30,50,Franklin AMP,F_118,Fished,IUCN VI,-40.550137,144.342547,GoPro Hero10,IMAS,neville.barrett@utas.edu.au,jacquomo.monk@utas.edu.au,Parks Australia,DMP-MPA-2122-038,Lachlan,Yes,Yes
F_119,20220429,14:59,49,Franklin AMP,F_119,Fished,IUCN VI,-40.531517,144.38708,GoPro Hero10,IMAS,neville.barrett@utas.edu.au,jacquomo.monk@utas.edu.au,Parks Australia,DMP-MPA-2122-038,Lachlan,Yes,Yes
F_120,20220423,10:39,95,Franklin AMP,F_120,Fished,IUCN VI,-40.986208,144.248084,GoPro Hero10,IMAS,neville.barrett@utas.edu.au,jacquomo.monk@utas.edu.au,Parks Australia,DMP-MPA-2122-038,Lachlan,Yes,Yes
F_121,20220424,12:44,98,Franklin AMP,F_121,Fished,IUCN VI,-40.878512,144.182065,GoPro Hero10,IMAS,neville.barrett@utas.edu.au,jacquomo.monk@utas.edu.au,Parks Australia,DMP-MPA-2122-038,Lachlan,Yes,Yes
F_122,20220426,15:39,77,Franklin AMP,F_122,Fished,IUCN VI,-40.580943,144.315336,GoPro Hero10,IMAS,neville.barrett@utas.edu.au,jacquomo.monk@utas.edu.au,Parks Australia,DMP-MPA-2122-038,Lachlan,Yes,Yes
F_123,20220426,10:44,68,Franklin AMP,F_123,Fished,IUCN VI,-40.615311,144.384171,GoPro Hero10,IMAS,neville.barrett@utas.edu.au,jacquomo.monk@utas.edu.au,Parks Australia,DMP-MPA-2122-038,Lachlan,Yes,Yes
F_124,20220426,12:32,85,Franklin AMP,F_124,Fished,IUCN VI,-40.617775,144.322727,GoPro Hero10,IMAS,neville.barrett@utas.edu.au,jacquomo.monk@utas.edu.au,Parks Australia,DMP-MPA-2122-038,Lachlan,Yes,Yes
F_125,20220423,8:50,92,Franklin AMP,F_125,Fished,IUCN VI,-40.970875,144.292808,GoPro Hero10,IMAS,neville.barrett@utas.edu.au,jacquomo.monk@utas.edu.au,Parks Australia,DMP-MPA-2122-038,Lachlan,Yes,Yes
F_126,20220427,12:20,91,Franklin AMP,F_126,Fished,IUCN VI,-40.599043,144.276679,GoPro Hero10,IMAS,neville.barrett@utas.edu.au,jacquomo.monk@utas.edu.au,Parks Australia,DMP-MPA-2122-038,Lachlan,Yes,Yes
F_127,20220423,13:46,100,Franklin AMP,F_127,Fished,IUCN VI,-40.930697,144.172484,GoPro Hero10,IMAS,neville.barrett@utas.edu.au,jacquomo.monk@utas.edu.au,Parks Australia,DMP-MPA-2122-038,Lachlan,Yes,Yes
F_128,20220424,17:36,96,Franklin AMP,F_128,Fished,IUCN VI,-40.755868,144.258085,GoPro Hero10,IMAS,neville.barrett@utas.edu.au,jacquomo.monk@utas.edu.au,Parks Australia,DMP-MPA-2122-038,Lachlan,Yes,Yes
F_129,20220423,13:11,100,Franklin AMP,F_129,Fished,IUCN VI,-40.927799,144.160851,GoPro Hero10,IMAS,neville.barrett@utas.edu.au,jacquomo.monk@utas.edu.au,Parks Australia,DMP-MPA-2122-038,Lachlan,Yes,Yes
F_130,20220426,9:37,76,Franklin AMP,F_130,Fished,IUCN VI,-40.596252,144.354191,GoPro Hero10,IMAS,neville.barrett@utas.edu.au,jacquomo.monk@utas.edu.au,Parks Australia,DMP-MPA-2122-038,Lachlan,Yes,Yes
F_131,20220428,12:20,42,Franklin AMP,F_131,Fished,IUCN VI,-40.548964,144.350268,GoPro Hero10,IMAS,neville.barrett@utas.edu.au,jacquomo.monk@utas.edu.au,Parks Australia,DMP-MPA-2122-038,Lachlan,Yes,Yes
F_132,20220423,9:26,83,Franklin AMP,F_132,Fished,IUCN VI,-40.975733,144.273476,GoPro Hero10,IMAS,neville.barrett@utas.edu.au,jacquomo.monk@utas.edu.au,Parks Australia,DMP-MPA-2122-038,Lachlan,Yes,Yes
F_133,20220428,14:35,50,Franklin AMP,F_133,Fished,IUCN VI,-40.529145,144.342314,GoPro Hero10,IMAS,neville.barrett@utas.edu.au,jacquomo.monk@utas.edu.au,Parks Australia,DMP-MPA-2122-038,Lachlan,Yes,Yes
F_135,20220426,13:28,81,Franklin AMP,F_135,Fished,IUCN VI,-40.614607,144.333728,GoPro Hero10,IMAS,neville.barrett@utas.edu.au,jacquomo.monk@utas.edu.au,Parks Australia,DMP-MPA-2122-038,Lachlan,Yes,Yes
F_136,20220423,17:35,97,Franklin AMP,F_136,Fished,IUCN VI,-40.966884,144.268731,GoPro Hero10,IMAS,neville.barrett@utas.edu.au,jacquomo.monk@utas.edu.au,Parks Australia,DMP-MPA-2122-038,Lachlan,Yes,Yes
F_137,20220428,17:27,39,Franklin AMP,F_137,Fished,IUCN VI,-40.556466,144.371112,GoPro Hero10,IMAS,neville.barrett@utas.edu.au,jacquomo.monk@utas.edu.au,Parks Australia,DMP-MPA-2122-038,Lachlan,Yes,Yes
F_138,20220422,15:41,86,Franklin AMP,F_138,Fished,IUCN VI,-40.991151,144.29709,GoPro Hero10,IMAS,neville.barrett@utas.edu.au,jacquomo.monk@utas.edu.au,Parks Australia,DMP-MPA-2122-038,Lachlan,Yes,Yes
F_139,20220424,15:35,97,Franklin AMP,F_139,Fished,IUCN VI,-40.81827,144.303176,GoPro Hero10,IMAS,neville.barrett@utas.edu.au,jacquomo.monk@utas.edu.au,Parks Australia,DMP-MPA-2122-038,Lachlan,Yes,Yes
F_140,20220428,15:09,49,Franklin AMP,F_140,Fished,IUCN VI,-40.540518,144.362999,GoPro Hero10,IMAS,neville.barrett@utas.edu.au,jacquomo.monk@utas.edu.au,Parks Australia,DMP-MPA-2122-038,Lachlan,Yes,Yes
F_141,20220427,10:53,87,Franklin AMP,F_141,Fished,IUCN VI,-40.602581,144.243565,GoPro Hero10,IMAS,neville.barrett@utas.edu.au,jacquomo.monk@utas.edu.au,Parks Australia,DMP-MPA-2122-038,Lachlan,Yes,Yes
F_142,20220428,10:39,41,Franklin AMP,F_142,Fished,IUCN VI,-40.551771,144.339175,GoPro Hero10,IMAS,neville.barrett@utas.edu.au,jacquomo.monk@utas.edu.au,Parks Australia,DMP-MPA-2122-038,Lachlan,Yes,Yes
F_143,20220429,14:16,50,Franklin AMP,F_143,Fished,IUCN VI,-40.538471,144.387872,GoPro Hero10,IMAS,neville.barrett@utas.edu.au,jacquomo.monk@utas.edu.au,Parks Australia,DMP-MPA-2122-038,Lachlan,Yes,Yes
F_144,20220428,8:22,52,Franklin AMP,F_144,Fished,IUCN VI,-40.541231,144.335224,GoPro Hero10,IMAS,neville.barrett@utas.edu.au,jacquomo.monk@utas.edu.au,Parks Australia,DMP-MPA-2122-038,Lachlan,Yes,Yes
F_145,20220424,8:57,99,Franklin AMP,F_145,Fished,IUCN VI,-40.940941,144.280016,GoPro Hero10,IMAS,neville.barrett@utas.edu.au,jacquomo.monk@utas.edu.au,Parks Australia,DMP-MPA-2122-038,Lachlan,Yes,Yes
F_147,20220425,9:37,72,Franklin AMP,F_147,Fished,IUCN VI,-40.734328,144.357843,GoPro Hero10,IMAS,neville.barrett@utas.edu.au,jacquomo.monk@utas.edu.au,Parks Australia,DMP-MPA-2122-038,Lachlan,Yes,Yes
F_148,20220425,13:45,91,Franklin AMP,F_148,Fished,IUCN VI,-40.734212,144.211375,GoPro Hero10,IMAS,neville.barrett@utas.edu.au,jacquomo.monk@utas.edu.au,Parks Australia,DMP-MPA-2122-038,Lachlan,Yes,Yes
F_149,20220423,16:17,108,Franklin AMP,F_149,Fished,IUCN VI,-40.930068,144.265855,GoPro Hero10,IMAS,neville.barrett@utas.edu.au,jacquomo.monk@utas.edu.au,Parks Australia,DMP-MPA-2122-038,Lachlan,Yes,Yes
F_150,20220426,13:17,83,Franklin AMP,F_150,Fished,IUCN VI,-40.613426,144.341103,GoPro Hero10,IMAS,neville.barrett@utas.edu.au,jacquomo.monk@utas.edu.au,Parks Australia,DMP-MPA-2122-038,Lachlan,Yes,Yes
F_151,20220429,13:52,51,Franklin AMP,F_151,Fished,IUCN VI,-40.543757,144.390619,GoPro Hero10,IMAS,neville.barrett@utas.edu.au,jacquomo.monk@utas.edu.au,Parks Australia,DMP-MPA-2122-038,Lachlan,Yes,Yes
F_152,20220423,16:34,109,Franklin AMP,F_152,Fished,IUCN VI,-40.935727,144.253863,GoPro Hero10,IMAS,neville.barrett@utas.edu.au,jacquomo.monk@utas.edu.au,Parks Australia,DMP-MPA-2122-038,Lachlan,Yes,Yes
F_153,20220429,10:31,46,Franklin AMP,F_153,Fished,IUCN VI,-40.559376,144.384225,GoPro Hero10,IMAS,neville.barrett@utas.edu.au,jacquomo.monk@utas.edu.au,Parks Australia,DMP-MPA-2122-038,Lachlan,Yes,Yes
F_154,20220424,14:56,98,Franklin AMP,F_154,Fished,IUCN VI,-40.852204,144.29836,GoPro Hero10,IMAS,neville.barrett@utas.edu.au,jacquomo.monk@utas.edu.au,Parks Australia,DMP-MPA-2122-038,Lachlan,Yes,Yes
F_155,20220428,9:28,50,Franklin AMP,F_155,Fished,IUCN VI,-40.546317,144.329237,GoPro Hero10,IMAS,neville.barrett@utas.edu.au,jacquomo.monk@utas.edu.au,Parks Australia,DMP-MPA-2122-038,Lachlan,Yes,Yes
F_156,20220424,7:53,93,Franklin AMP,F_156,Fished,IUCN VI,-40.962316,144.304208,GoPro Hero10,IMAS,neville.barrett@utas.edu.au,jacquomo.monk@utas.edu.au,Parks Australia,DMP-MPA-2122-038,Lachlan,Yes,Yes
F_157,20220428,13:19,50,Franklin AMP,F_157,Fished,IUCN VI,-40.542838,144.35417,GoPro Hero10,IMAS,neville.barrett@utas.edu.au,jacquomo.monk@utas.edu.au,Parks Australia,DMP-MPA-2122-038,Lachlan,Yes,Yes
F_158,20220429,9:28,58,Franklin AMP,F_158,Fished,IUCN VI,-40.567214,144.38829,GoPro Hero10,IMAS,neville.barrett@utas.edu.au,jacquomo.monk@utas.edu.au,Parks Australia,DMP-MPA-2122-038,Lachlan,Yes,Yes
F_159,20220423,15:59,106,Franklin AMP,F_159,Fished,IUCN VI,-40.927473,144.243874,GoPro Hero10,IMAS,neville.barrett@utas.edu.au,jacquomo.monk@utas.edu.au,Parks Australia,DMP-MPA-2122-038,Lachlan,Yes,Yes
F_160,20220425,11:13,73,Franklin AMP,F_160,Fished,IUCN VI,-40.699852,144.343111,GoPro Hero10,IMAS,neville.barrett@utas.edu.au,jacquomo.monk@utas.edu.au,Parks Australia,DMP-MPA-2122-038,Lachlan,Yes,Yes
F_162,20220423,14:47,105,Franklin AMP,F_162,Fished,IUCN VI,-40.950342,144.21358,GoPro Hero10,IMAS,neville.barrett@utas.edu.au,jacquomo.monk@utas.edu.au,Parks Australia,DMP-MPA-2122-038,Lachlan,Yes,Yes
F_163,20220428,9:01,51,Franklin AMP,F_163,Fished,IUCN VI,-40.543582,144.327811,GoPro Hero10,IMAS,neville.barrett@utas.edu.au,jacquomo.monk@utas.edu.au,Parks Australia,DMP-MPA-2122-038,Lachlan,Yes,Yes
F_164,20220423,10:22,93,Franklin AMP,F_164,Fished,IUCN VI,-40.995725,144.246856,GoPro Hero10,IMAS,neville.barrett@utas.edu.au,jacquomo.monk@utas.edu.au,Parks Australia,DMP-MPA-2122-038,Lachlan,Yes,Yes
F_165,20220228,14:58,50,Franklin AMP,F_165,Fished,IUCN VI,-40.532614,144.364017,GoPro Hero10,IMAS,neville.barrett@utas.edu.au,jacquomo.monk@utas.edu.au,Parks Australia,DMP-MPA-2122-038,Lachlan,Yes,Yes
F_166,20220428,10:57,59,Franklin AMP,F_166,Fished,IUCN VI,-40.559527,144.339577,GoPro Hero10,IMAS,neville.barrett@utas.edu.au,jacquomo.monk@utas.edu.au,Parks Australia,DMP-MPA-2122-038,Lachlan,Yes,Yes
F_167,20220429,8:45,63,Franklin AMP,F_167,Fished,IUCN VI,-40.572517,144.391746,GoPro Hero10,IMAS,neville.barrett@utas.edu.au,jacquomo.monk@utas.edu.au,Parks Australia,DMP-MPA-2122-038,Lachlan,Yes,Yes
F_168,20220427,8:37,72,Franklin AMP,F_168,Fished,IUCN VI,-40.534818,144.28802,GoPro Hero10,IMAS,neville.barrett@utas.edu.au,jacquomo.monk@utas.edu.au,Parks Australia,DMP-MPA-2122-038,Lachlan,Yes,Yes
F_170,20220425,17:35,90,Franklin AMP,F_170,Fished,IUCN VI,-40.653703,144.330042,GoPro Hero10,IMAS,neville.barrett@utas.edu.au,jacquomo.monk@utas.edu.au,Parks Australia,DMP-MPA-2122-038,Lachlan,Yes,Yes
F_171,20220426,17:33,72,Franklin AMP,F_171,Fished,IUCN VI,-40.550819,144.302016,GoPro Hero10,IMAS,neville.barrett@utas.edu.au,jacquomo.monk@utas.edu.au,Parks Australia,DMP-MPA-2122-038,Lachlan,Yes,Yes
F_172,20220424,13:50,99,Franklin AMP,F_172,Fished,IUCN VI,-40.835447,144.229903,GoPro Hero10,IMAS,neville.barrett@utas.edu.au,jacquomo.monk@utas.edu.au,Parks Australia,DMP-MPA-2122-038,Lachlan,Yes,Yes
F_173,20220428,13:59,51,Franklin AMP,F_173,Fished,IUCN VI,-40.537399,144.344821,GoPro Hero10,IMAS,neville.barrett@utas.edu.au,jacquomo.monk@utas.edu.au,Parks Australia,DMP-MPA-2122-038,Lachlan,Yes,Yes
F_174,20220426,12:11,89,Franklin AMP,F_174,Fished,IUCN VI,-40.618838,144.294906,GoPro Hero10,IMAS,neville.barrett@utas.edu.au,jacquomo.monk@utas.edu.au,Parks Australia,DMP-MPA-2122-038,Lachlan,Yes,Yes
F_175,20220429,8:06,61,Franklin AMP,F_175,Fished,IUCN VI,-40.577527,144.37832,GoPro Hero10,IMAS,neville.barrett@utas.edu.au,jacquomo.monk@utas.edu.au,Parks Australia,DMP-MPA-2122-038,Lachlan,Yes,Yes
F_176,20220428,16:05,43,Franklin AMP,F_176,Fished,IUCN VI,-40.553551,144.361778,GoPro Hero10,IMAS,neville.barrett@utas.edu.au,jacquomo.monk@utas.edu.au,Parks Australia,DMP-MPA-2122-038,Lachlan,Yes,Yes
F_177,20220427,9:58,74,Franklin AMP,F_177,Fished,IUCN VI,-40.555592,144.282811,GoPro Hero10,IMAS,neville.barrett@utas.edu.au,jacquomo.monk@utas.edu.au,Parks Australia,DMP-MPA-2122-038,Lachlan,Yes,Yes
F_178,20220426,9:11,66,Franklin AMP,F_178,Fished,IUCN VI,-40.593122,144.374875,GoPro Hero10,IMAS,neville.barrett@utas.edu.au,jacquomo.monk@utas.edu.au,Parks Australia,DMP-MPA-2122-038,Lachlan,Yes,Yes
F_179,20220429,13:31,55,Franklin AMP,F_179,Fished,IUCN VI,-40.546229,144.388397,GoPro Hero10,IMAS,neville.barrett@utas.edu.au,jacquomo.monk@utas.edu.au,Parks Australia,DMP-MPA-2122-038,Lachlan,Yes,Yes
F_180,20220427,8:26,72,Franklin AMP,F_180,Fished,IUCN VI,-40.531352,144.290048,GoPro Hero10,IMAS,neville.barrett@utas.edu.au,jacquomo.monk@utas.edu.au,Parks Australia,DMP-MPA-2122-038,Lachlan,Yes,Yes
F_181,20220426,16:13,70,Franklin AMP,F_181,Fished,IUCN VI,-40.571403,144.323396,GoPro Hero10,IMAS,neville.barrett@utas.edu.au,jacquomo.monk@utas.edu.au,Parks Australia,DMP-MPA-2122-038,Lachlan,Yes,Yes
F_182,20220427,9:33,74,Franklin AMP,F_182,Fished,IUCN VI,-40.552675,144.277497,GoPro Hero10,IMAS,neville.barrett@utas.edu.au,jacquomo.monk@utas.edu.au,Parks Australia,DMP-MPA-2122-038,Lachlan,Yes,Yes
F_183,20220425,15:01,92,Franklin AMP,F_183,Fished,IUCN VI,-40.688423,144.281679,GoPro Hero10,IMAS,neville.barrett@utas.edu.au,jacquomo.monk@utas.edu.au,Parks Australia,DMP-MPA-2122-038,Lachlan,Yes,Yes
F_184,20220429,12:44,67,Franklin AMP,F_184,Fished,IUCN VI,-40.576305,144.364192,GoPro Hero10,IMAS,neville.barrett@utas.edu.au,jacquomo.monk@utas.edu.au,Parks Australia,DMP-MPA-2122-038,Lachlan,Yes,Yes
F_185,20220427,10:29,85,Franklin AMP,F_185,Fished,IUCN VI,-40.567709,144.250548,GoPro Hero10,IMAS,neville.barrett@utas.edu.au,jacquomo.monk@utas.edu.au,Parks Australia,DMP-MPA-2122-038,Lachlan,Yes,Yes
F_186,20220426,11:52,90,Franklin AMP,F_186,Fished,IUCN VI,-40.631268,144.306463,GoPro Hero10,IMAS,neville.barrett@utas.edu.au,jacquomo.monk@utas.edu.au,Parks Australia,DMP-MPA-2122-038,Lachlan,Yes,Yes
F_187,20220426,16:55,70,Franklin AMP,F_187,Fished,IUCN VI,-40.560761,144.315081,GoPro Hero10,IMAS,neville.barrett@utas.edu.au,jacquomo.monk@utas.edu.au,Parks Australia,DMP-MPA-2122-038,Lachlan,Yes,Yes
F_188,20220423,14:20,104,Franklin AMP,F_188,Fished,IUCN VI,-40.941605,144.213591,GoPro Hero10,IMAS,neville.barrett@utas.edu.au,jacquomo.monk@utas.edu.au,Parks Australia,DMP-MPA-2122-038,Lachlan,Yes,Yes
F_189,20220424,11:38,100,Franklin AMP,F_189,Fished,IUCN VI,-40.872095,144.263378,GoPro Hero10,IMAS,neville.barrett@utas.edu.au,jacquomo.monk@utas.edu.au,Parks Australia,DMP-MPA-2122-038,Lachlan,Yes,Yes
F_190,20220427,8:11,69,Franklin AMP,F_190,Fished,IUCN VI,-40.536911,144.304346,GoPro Hero10,IMAS,neville.barrett@utas.edu.au,jacquomo.monk@utas.edu.au,Parks Australia,DMP-MPA-2122-038,Lachlan,Yes,Yes
F_191,20220428,16:57,45,Franklin AMP,F_191,Fished,IUCN VI,-40.550315,144.37395,GoPro Hero10,IMAS,neville.barrett@utas.edu.au,jacquomo.monk@utas.edu.au,Parks Australia,DMP-MPA-2122-038,Lachlan,Yes,Yes
F_192,20220427,13:31,82,Franklin AMP,F_192,Fished,IUCN VI,-40.583554,144.280616,GoPro Hero10,IMAS,neville.barrett@utas.edu.au,jacquomo.monk@utas.edu.au,Parks Australia,DMP-MPA-2122-038,Lachlan,Yes,Yes
F_193,20220423,8:21,88,Franklin AMP,F_193,Fished,IUCN VI,-40.976705,144.284132,GoPro Hero10,IMAS,neville.barrett@utas.edu.au,jacquomo.monk@utas.edu.au,Parks Australia,DMP-MPA-2122-038,Lachlan,Yes,Yes
F_194,20220429,10:41,39,Franklin AMP,F_194,Fished,IUCN VI,-40.558311,144.38096,GoPro Hero10,IMAS,neville.barrett@utas.edu.au,jacquomo.monk@utas.edu.au,Parks Australia,DMP-MPA-2122-038,Lachlan,Yes,Yes
F_195,20220427,8:49,74,Franklin AMP,F_195,Fished,IUCN VI,-40.541686,144.285145,GoPro Hero10,IMAS,neville.barrett@utas.edu.au,jacquomo.monk@utas.edu.au,Parks Australia,DMP-MPA-2122-038,Lachlan,Yes,Yes
F_196,20220428,11:37,44,Franklin AMP,F_196,Fished,IUCN VI,-40.555101,144.35475,GoPro Hero10,IMAS,neville.barrett@utas.edu.au,jacquomo.monk@utas.edu.au,Parks Australia,DMP-MPA-2122-038,Lachlan,Yes,Yes
F_197,20220429,15:07,50,Franklin AMP,F_197,Fished,IUCN VI,-40.53232,144.390709,GoPro Hero10,IMAS,neville.barrett@utas.edu.au,jacquomo.monk@utas.edu.au,Parks Australia,DMP-MPA-2122-038,Lachlan,Yes,Yes
F_198,20220425,10:32,76,Franklin AMP,F_198,Fished,IUCN VI,-40.712064,144.341441,GoPro Hero10,IMAS,neville.barrett@utas.edu.au,jacquomo.monk@utas.edu.au,Parks Australia,DMP-MPA-2122-038,Lachlan,Yes,Yes
F_199,20220428,8:01,54,Franklin AMP,F_199,Fished,IUCN VI,-40.534962,144.332876,GoPro Hero10,IMAS,neville.barrett@utas.edu.au,jacquomo.monk@utas.edu.au,Parks Australia,DMP-MPA-2122-038,Lachlan,Yes,Yes
F_201,20220429,11:32,48,Franklin AMP,F_201,Fished,IUCN VI,-40.563413,144.375564,GoPro Hero10,IMAS,neville.barrett@utas.edu.au,jacquomo.monk@utas.edu.au,Parks Australia,DMP-MPA-2122-038,Lachlan,Yes,Yes
F_202,20220429,12:13,59,Franklin AMP,F_202,Fished,IUCN VI,-40.562339,144.364031,GoPro Hero10,IMAS,neville.barrett@utas.edu.au,jacquomo.monk@utas.edu.au,Parks Australia,DMP-MPA-2122-038,Lachlan,Yes,Yes
F_203,20220423,8:08,81,Franklin AMP,F_203,Fished,IUCN VI,-40.978348,144.277409,GoPro Hero10,IMAS,neville.barrett@utas.edu.au,jacquomo.monk@utas.edu.au,Parks Australia,DMP-MPA-2122-038,Lachlan,Yes,Yes
F_204,20220429,12:24,60,Franklin AMP,F_204,Fished,IUCN VI,-40.567524,144.362292,GoPro Hero10,IMAS,neville.barrett@utas.edu.au,jacquomo.monk@utas.edu.au,Parks Australia,DMP-MPA-2122-038,Lachlan,Yes,Yes
F_205,20220425,9:52,54,Franklin AMP,F_205,Fished,IUCN VI,-40.724745,144.360235,GoPro Hero10,IMAS,neville.barrett@utas.edu.au,jacquomo.monk@utas.edu.au,Parks Australia,DMP-MPA-2122-038,Lachlan,Yes,Yes
F_206,20220428,16:47,46,Franklin AMP,F_206,Fished,IUCN VI,-40.551912,144.368928,GoPro Hero10,IMAS,neville.barrett@utas.edu.au,jacquomo.monk@utas.edu.au,Parks Australia,DMP-MPA-2122-038,Lachlan,Yes,Yes
F_207,20220428,11:08,69,Franklin AMP,F_207,Fished,IUCN VI,-40.562897,144.33342,GoPro Hero10,IMAS,neville.barrett@utas.edu.au,jacquomo.monk@utas.edu.au,Parks Australia,DMP-MPA-2122-038,Lachlan,Yes,Yes
F_209,20220427,16:44,68,Franklin AMP,F_209,Fished,IUCN VI,-40.572414,144.347689,GoPro Hero10,IMAS,neville.barrett@utas.edu.au,jacquomo.monk@utas.edu.au,Parks Australia,DMP-MPA-2122-038,Lachlan,Yes,Yes
F_210,20220425,14:13,92,Franklin AMP,F_210,Fished,IUCN VI,-40.7057,144.246771,GoPro Hero10,IMAS,neville.barrett@utas.edu.au,jacquomo.monk@utas.edu.au,Parks Australia,DMP-MPA-2122-038,Lachlan,Yes,Yes
F_212,20220428,11:27,46,Franklin AMP,F_212,Fished,IUCN VI,-40.556833,144.355627,GoPro Hero10,IMAS,neville.barrett@utas.edu.au,jacquomo.monk@utas.edu.au,Parks Australia,DMP-MPA-2122-038,Lachlan,Yes,Yes
F_213,20220425,11:31,65,Franklin AMP,F_213,Fished,IUCN VI,-40.698657,144.365644,GoPro Hero10,IMAS,neville.barrett@utas.edu.au,jacquomo.monk@utas.edu.au,Parks Australia,DMP-MPA-2122-038,Lachlan,Yes,Yes
F_214,20220429,14:38,49,Franklin AMP,F_214,Fished,IUCN VI,-40.534008,144.385685,GoPro Hero10,IMAS,neville.barrett@utas.edu.au,jacquomo.monk@utas.edu.au,Parks Australia,DMP-MPA-2122-038,Lachlan,Yes,Yes
F_215,20220428,9:39,46,Franklin AMP,F_215,Fished,IUCN VI,-40.544168,144.329794,GoPro Hero10,IMAS,neville.barrett@utas.edu.au,jacquomo.monk@utas.edu.au,Parks Australia,DMP-MPA-2122-038,Lachlan,Yes,Yes
F_216,20220426,10:03,62,Franklin AMP,F_216,Fished,IUCN VI,-40.604451,144.385895,GoPro Hero10,IMAS,neville.barrett@utas.edu.au,jacquomo.monk@utas.edu.au,Parks Australia,DMP-MPA-2122-038,Lachlan,Yes,Yes
F_217,20220429,15:49,51,Franklin AMP,F_217,Fished,IUCN VI,-40.541783,144.394946,GoPro Hero10,IMAS,neville.barrett@utas.edu.au,jacquomo.monk@utas.edu.au,Parks Australia,DMP-MPA-2122-038,Lachlan,Yes,Yes
F_218,20220425,8:44,96,Franklin AMP,F_218,Fished,IUCN VI,-40.764347,144.331539,GoPro Hero10,IMAS,neville.barrett@utas.edu.au,jacquomo.monk@utas.edu.au,Parks Australia,DMP-MPA-2122-038,Lachlan,Yes,Yes
F_219,20220427,14:08,81,Franklin AMP,F_219,Fished,IUCN VI,-40.577558,144.270818,GoPro Hero10,IMAS,neville.barrett@utas.edu.au,jacquomo.monk@utas.edu.au,Parks Australia,DMP-MPA-2122-038,Lachlan,Yes,Yes
F_221,20220428,11:48,45,Franklin AMP,F_221,Fished,IUCN VI,-40.553837,144.350667,GoPro Hero10,IMAS,neville.barrett@utas.edu.au,jacquomo.monk@utas.edu.au,Parks Australia,DMP-MPA-2122-038,Lachlan,Yes,Yes
F_222,20220423,11:58,102,Franklin AMP,F_222,Fished,IUCN VI,-40.972656,144.190418,GoPro Hero10,IMAS,neville.barrett@utas.edu.au,jacquomo.monk@utas.edu.au,Parks Australia,DMP-MPA-2122-038,Lachlan,Yes,Yes
F_223,20220428,14:09,49,Franklin AMP,F_223,Fished,IUCN VI,-40.533982,144.341178,GoPro Hero10,IMAS,neville.barrett@utas.edu.au,jacquomo.monk@utas.edu.au,Parks Australia,DMP-MPA-2122-038,Lachlan,Yes,Yes
F_224,20220426,13:06,85,Franklin AMP,F_224,Fished,IUCN VI,-40.616548,144.343697,GoPro Hero10,IMAS,neville.barrett@utas.edu.au,jacquomo.monk@utas.edu.au,Parks Australia,DMP-MPA-2122-038,Lachlan,Yes,Yes
F_225,20220426,10:32,72,Franklin AMP,F_225,Fished,IUCN VI,-40.61474,144.378874,GoPro Hero10,IMAS,neville.barrett@utas.edu.au,jacquomo.monk@utas.edu.au,Parks Australia,DMP-MPA-2122-038,Lachlan,Yes,Yes
F_226,20220428,13:10,48,Franklin AMP,F_226,Fished,IUCN VI,-40.543562,144.358274,GoPro Hero10,IMAS,neville.barrett@utas.edu.au,jacquomo.monk@utas.edu.au,Parks Australia,DMP-MPA-2122-038,Lachlan,Yes,Yes
F_227,20220423,11:16,103,Franklin AMP,F_227,Fished,IUCN VI,-40.993475,144.18359,GoPro Hero10,IMAS,neville.barrett@utas.edu.au,jacquomo.monk@utas.edu.au,Parks Australia,DMP-MPA-2122-038,Lachlan,Yes,Yes
F_228,20220424,13:23,93,Franklin AMP,F_228,Fished,IUCN VI,-40.82061,144.189972,GoPro Hero10,IMAS,neville.barrett@utas.edu.au,jacquomo.monk@utas.edu.au,Parks Australia,DMP-MPA-2122-038,Lachlan,Yes,Yes
F_229,20220428,17:38,43,Franklin AMP,F_229,Fished,IUCN VI,-40.559555,144.37229,GoPro Hero10,IMAS,neville.barrett@utas.edu.au,jacquomo.monk@utas.edu.au,Parks Australia,DMP-MPA-2122-038,Lachlan,Yes,Yes
F_230,20220429,15:37,53,Franklin AMP,F_230,Fished,IUCN VI,-40.536638,144.402465,GoPro Hero10,IMAS,neville.barrett@utas.edu.au,jacquomo.monk@utas.edu.au,Parks Australia,DMP-MPA-2122-038,Lachlan,Yes,Yes
F_231,20220423,7:32,83,Franklin AMP,F_231,Fished,IUCN VI,-40.985867,144.275436,GoPro Hero10,IMAS,neville.barrett@utas.edu.au,jacquomo.monk@utas.edu.au,Parks Australia,DMP-MPA-2122-038,Lachlan,Yes,Yes
F_232,20220423,13:59,100,Franklin AMP,F_232,Fished,IUCN VI,-40.93061,144.183651,GoPro Hero10,IMAS,neville.barrett@utas.edu.au,jacquomo.monk@utas.edu.au,Parks Australia,DMP-MPA-2122-038,Lachlan,Yes,Yes
F_233,20220428,12:10,44,Franklin AMP,F_233,Fished,IUCN VI,-40.550368,144.352575,GoPro Hero10,IMAS,neville.barrett@utas.edu.au,jacquomo.monk@utas.edu.au,Parks Australia,DMP-MPA-2122-038,Lachlan,Yes,Yes
F_235,20220426,11:02,74,Franklin AMP,F_235,Fished,IUCN VI,-40.637517,144.378338,GoPro Hero10,IMAS,neville.barrett@utas.edu.au,jacquomo.monk@utas.edu.au,Parks Australia,DMP-MPA-2122-038,Lachlan,Yes,Yes
F_236,20220423,15:32,105,Franklin AMP,F_236,Fished,IUCN VI,-40.926961,144.233801,GoPro Hero10,IMAS,neville.barrett@utas.edu.au,jacquomo.monk@utas.edu.au,Parks Australia,DMP-MPA-2122-038,Lachlan,Yes,Yes
F_237,20220426,8:06,66,Franklin AMP,F_237,Fished,IUCN VI,-40.606054,144.381105,GoPro Hero10,IMAS,neville.barrett@utas.edu.au,jacquomo.monk@utas.edu.au,Parks Australia,DMP-MPA-2122-038,Lachlan,Yes,Yes
F_238,20220425,10:03,66,Franklin AMP,F_238,Fished,IUCN VI,-40.723499,144.356969,GoPro Hero10,IMAS,neville.barrett@utas.edu.au,jacquomo.monk@utas.edu.au,Parks Australia,DMP-MPA-2122-038,Lachlan,Yes,Yes
F_239,20220428,9:10,61,Franklin AMP,F_239,Fished,IUCN VI,-40.545859,144.325004,GoPro Hero10,IMAS,neville.barrett@utas.edu.au,jacquomo.monk@utas.edu.au,Parks Australia,DMP-MPA-2122-038,Lachlan,Yes,Yes
F_240,20220428,16:31,46,Franklin AMP,F_240,Fished,IUCN VI,-40.555977,144.365462,GoPro Hero10,IMAS,neville.barrett@utas.edu.au,jacquomo.monk@utas.edu.au,Parks Australia,DMP-MPA-2122-038,Lachlan,Yes,Yes
F_241,20220422,16:51,77,Franklin AMP,F_241,Fished,IUCN VI,-40.998,144.270537,GoPro Hero10,IMAS,neville.barrett@utas.edu.au,jacquomo.monk@utas.edu.au,Parks Australia,DMP-MPA-2122-038,Lachlan,Yes,Yes
F_242,20220423,15:05,105,Franklin AMP,F_242,Fished,IUCN VI,-40.93202,144.226939,GoPro Hero10,IMAS,neville.barrett@utas.edu.au,jacquomo.monk@utas.edu.au,Parks Australia,DMP-MPA-2122-038,Lachlan,Yes,Yes
F_243,20220426,14:42,85,Franklin AMP,F_243,Fished,IUCN VI,-40.59503,144.297521,GoPro Hero10,IMAS,neville.barrett@utas.edu.au,jacquomo.monk@utas.edu.au,Parks Australia,DMP-MPA-2122-038,Lachlan,Yes,Yes
F_244,20220426,16:23,70,Franklin AMP,F_244,Fished,IUCN VI,-40.571994,144.321719,GoPro Hero10,IMAS,neville.barrett@utas.edu.au,jacquomo.monk@utas.edu.au,Parks Australia,DMP-MPA-2122-038,Lachlan,Yes,Yes
F_245,20220423,9:15,87,Franklin AMP,F_245,Fished,IUCN VI,-40.971973,144.278266,GoPro Hero10,IMAS,neville.barrett@utas.edu.au,jacquomo.monk@utas.edu.au,Parks Australia,DMP-MPA-2122-038,Lachlan,Yes,Yes
F_246,20220424,17:08,93,Franklin AMP,F_246,Fished,IUCN VI,-40.779781,144.214801,GoPro Hero10,IMAS,neville.barrett@utas.edu.au,jacquomo.monk@utas.edu.au,Parks Australia,DMP-MPA-2122-038,Lachlan,Yes,Yes
F_247,20220426,17:07,70,Franklin AMP,F_247,Fished,IUCN VI,-40.55618,144.319515,GoPro Hero10,IMAS,neville.barrett@utas.edu.au,jacquomo.monk@utas.edu.au,Parks Australia,DMP-MPA-2122-038,Lachlan,Yes,Yes
F_248,20220427,9:05,77,Franklin AMP,F_248,Fished,IUCN VI,-40.537448,144.27351,GoPro Hero10,IMAS,neville.barrett@utas.edu.au,jacquomo.monk@utas.edu.au,Parks Australia,DMP-MPA-2122-038,Lachlan,Yes,Yes
F_249,20220429,9:14,62,Franklin AMP,F_249,Fished,IUCN VI,-40.569573,144.389025,GoPro Hero10,IMAS,neville.barrett@utas.edu.au,jacquomo.monk@utas.edu.au,Parks Australia,DMP-MPA-2122-038,Lachlan,Yes,Yes
F_250,20220428,7:45,48,Franklin AMP,F_250,Fished,IUCN VI,-40.531962,144.3278,GoPro Hero10,IMAS,neville.barrett@utas.edu.au,jacquomo.monk@utas.edu.au,Parks Australia,DMP-MPA-2122-038,Lachlan,Yes,Yes
F_251,20220427,14:21,82,Franklin AMP,F_251,Fished,IUCN VI,-40.575956,144.27927,GoPro Hero10,IMAS,neville.barrett@utas.edu.au,jacquomo.monk@utas.edu.au,Parks Australia,DMP-MPA-2122-038,Lachlan,Yes,Yes
F_252,20220429,11:13,44,Franklin AMP,F_252,Fished,IUCN VI,-40.560546,144.376266,GoPro Hero10,IMAS,neville.barrett@utas.edu.au,jacquomo.monk@utas.edu.au,Parks Australia,DMP-MPA-2122-038,Lachlan,Yes,Yes
F_253,20220427,15:14,76,Franklin AMP,F_253,Fished,IUCN VI,-40.594841,144.328133,GoPro Hero10,IMAS,neville.barrett@utas.edu.au,jacquomo.monk@utas.edu.au,Parks Australia,DMP-MPA-2122-038,Lachlan,Yes,Yes
F_254,20220422,16:27,76,Franklin AMP,F_254,Fished,IUCN VI,-40.994542,144.27282,GoPro Hero10,IMAS,neville.barrett@utas.edu.au,jacquomo.monk@utas.edu.au,Parks Australia,DMP-MPA-2122-038,Lachlan,Yes,Yes
F_255,20220428,15:57,45,Franklin AMP,F_255,Fished,IUCN VI,-40.552319,144.359111,GoPro Hero10,IMAS,neville.barrett@utas.edu.au,jacquomo.monk@utas.edu.au,Parks Australia,DMP-MPA-2122-038,Lachlan,Yes,Yes
F_256,20220425,16:05,90,Franklin AMP,F_256,Fished,IUCN VI,-40.63851,144.262069,GoPro Hero10,IMAS,neville.barrett@utas.edu.au,jacquomo.monk@utas.edu.au,Parks Australia,DMP-MPA-2122-038,Lachlan,Yes,Yes
F_257,20220426,15:17,77,Franklin AMP,F_257,Fished,IUCN VI,-40.586607,144.310975,GoPro Hero10,IMAS,neville.barrett@utas.edu.au,jacquomo.monk@utas.edu.au,Parks Australia,DMP-MPA-2122-038,Lachlan,Yes,Yes
F_259,20220424,14:40,98,Franklin AMP,F_259,Fished,IUCN VI,-40.842979,144.292923,GoPro Hero10,IMAS,neville.barrett@utas.edu.au,jacquomo.monk@utas.edu.au,Parks Australia,DMP-MPA-2122-038,Lachlan,Yes,Yes
F_260,20220425,10:19,81,Franklin AMP,F_260,Fished,IUCN VI,-40.714351,144.339101,GoPro Hero10,IMAS,neville.barrett@utas.edu.au,jacquomo.monk@utas.edu.au,Parks Australia,DMP-MPA-2122-038,Lachlan,Yes,Yes
F_262,20220428,16:23,45,Franklin AMP,F_262,Fished,IUCN VI,-40.557606,144.361855,GoPro Hero10,IMAS,neville.barrett@utas.edu.au,jacquomo.monk@utas.edu.au,Parks Australia,DMP-MPA-2122-038,Lachlan,Yes,Yes
F_263,20220427,16:00,67,Franklin AMP,F_263,Fished,IUCN VI,-40.578342,144.350881,GoPro Hero10,IMAS,neville.barrett@utas.edu.au,jacquomo.monk@utas.edu.au,Parks Australia,DMP-MPA-2122-038,Lachlan,Yes,Yes
F_264,20220429,10:13,53,Franklin AMP,F_264,Fished,IUCN VI,-40.55556,144.386736,GoPro Hero10,IMAS,neville.barrett@utas.edu.au,jacquomo.monk@utas.edu.au,Parks Australia,DMP-MPA-2122-038,Lachlan,Yes,Yes
F_265,20220427,9:45,75,Franklin AMP,F_265,Fished,IUCN VI,-40.555045,144.2787,GoPro Hero10,IMAS,neville.barrett@utas.edu.au,jacquomo.monk@utas.edu.au,Parks Australia,DMP-MPA-2122-038,Lachlan,Yes,Yes
F_266,20220429,12:03,56,Franklin AMP,F_266,Fished,IUCN VI,-40.562925,144.366016,GoPro Hero10,IMAS,neville.barrett@utas.edu.au,jacquomo.monk@utas.edu.au,Parks Australia,DMP-MPA-2122-038,Lachlan,Yes,Yes
F_267,20220424,11:07,98,Franklin AMP,F_267,Fished,IUCN VI,-40.879887,144.315153,GoPro Hero10,IMAS,neville.barrett@utas.edu.au,jacquomo.monk@utas.edu.au,Parks Australia,DMP-MPA-2122-038,Lachlan,Yes,Yes
F_268,20220423,11:28,101,Franklin AMP,F_268,Fished,IUCN VI,-40.988736,144.181296,GoPro Hero10,IMAS,neville.barrett@utas.edu.au,jacquomo.monk@utas.edu.au,Parks Australia,DMP-MPA-2122-038,Lachlan,Yes,Yes
F_269,20220426,17:20,69,Franklin AMP,F_269,Fished,IUCN VI,-40.549673,144.314697,GoPro Hero10,IMAS,neville.barrett@utas.edu.au,jacquomo.monk@utas.edu.au,Parks Australia,DMP-MPA-2122-038,Lachlan,Yes,Yes
F_270,20220428,17:18,42,Franklin AMP,F_270,Fished,IUCN VI,-40.554976,144.372941,GoPro Hero10,IMAS,neville.barrett@utas.edu.au,jacquomo.monk@utas.edu.au,Parks Australia,DMP-MPA-2122-038,Lachlan,Yes,Yes
F_271,20220429,15:28,54,Franklin AMP,F_271,Fished,IUCN VI,-40.531993,144.400166,GoPro Hero10,IMAS,neville.barrett@utas.edu.au,jacquomo.monk@utas.edu.au,Parks Australia,DMP-MPA-2122-038,Lachlan,Yes,Yes
F_272,20220427,11:17,92,Franklin AMP,F_272,Fished,IUCN VI,-40.609478,144.268455,GoPro Hero10,IMAS,neville.barrett@utas.edu.au,jacquomo.monk@utas.edu.au,Parks Australia,DMP-MPA-2122-038,Lachlan,Yes,Yes
F_273,20220426,8:57,54,Franklin AMP,F_273,Fished,IUCN VI,-40.594546,144.386044,GoPro Hero10,IMAS,neville.barrett@utas.edu.au,jacquomo.monk@utas.edu.au,Parks Australia,DMP-MPA-2122-038,Lachlan,Yes,Yes
F_274,20220424,9:25,96,Franklin AMP,F_274,Fished,IUCN VI,-40.934385,144.292281,GoPro Hero10,IMAS,neville.barrett@utas.edu.au,jacquomo.monk@utas.edu.au,Parks Australia,DMP-MPA-2122-038,Lachlan,Yes,Yes
F_275,20220429,9:03,59,Franklin AMP,F_275,Fished,IUCN VI,-40.568523,144.394381,GoPro Hero10,IMAS,neville.barrett@utas.edu.au,jacquomo.monk@utas.edu.au,Parks Australia,DMP-MPA-2122-038,Lachlan,Yes,Yes
F_276,20220424,8:29,94,Franklin AMP,F_276,Fished,IUCN VI,-40.947695,144.299102,GoPro Hero10,IMAS,neville.barrett@utas.edu.au,jacquomo.monk@utas.edu.au,Parks Australia,DMP-MPA-2122-038,Lachlan,Yes,Yes
F_277,20220423,13:28,100,Franklin AMP,F_277,Fished,IUCN VI,-40.915157,144.174215,GoPro Hero10,IMAS,neville.barrett@utas.edu.au,jacquomo.monk@utas.edu.au,Parks Australia,DMP-MPA-2122-038,Lachlan,Yes,Yes
F_278,20220429,8:30,57,Franklin AMP,F_278,Fished,IUCN VI,-40.584205,144.390819,GoPro Hero10,IMAS,neville.barrett@utas.edu.au,jacquomo.monk@utas.edu.au,Parks Australia,DMP-MPA-2122-038,Lachlan,Yes,Yes
F_279,20220425,15:17,91,Franklin AMP,F_279,Fished,IUCN VI,-40.677218,144.276338,GoPro Hero10,IMAS,neville.barrett@utas.edu.au,jacquomo.monk@utas.edu.au,Parks Australia,DMP-MPA-2122-038,Lachlan,Yes,Yes
F_280,20220426,14:15,86,Franklin AMP,F_280,Fished,IUCN VI,-40.599344,144.308691,GoPro Hero10,IMAS,neville.barrett@utas.edu.au,jacquomo.monk@utas.edu.au,Parks Australia,DMP-MPA-2122-038,Lachlan,Yes,Yes
F_281,20220424,16:16,97,Franklin AMP,F_281,Fished,IUCN VI,-40.79298,144.269594,GoPro Hero10,IMAS,neville.barrett@utas.edu.au,jacquomo.monk@utas.edu.au,Parks Australia,DMP-MPA-2122-038,Lachlan,Yes,Yes
F_282,20220429,10:23,43,Franklin AMP,F_282,Fished,IUCN VI,-40.557827,144.383459,GoPro Hero10,IMAS,neville.barrett@utas.edu.au,jacquomo.monk@utas.edu.au,Parks Australia,DMP-MPA-2122-038,Lachlan,Yes,Yes
F_284,20220428,9:47,46,Franklin AMP,F_284,Fished,IUCN VI,-40.544834,144.331303,GoPro Hero10,IMAS,neville.barrett@utas.edu.au,jacquomo.monk@utas.edu.au,Parks Australia,DMP-MPA-2122-038,Lachlan,Yes,Yes
F_285,20220427,17:30,50,Franklin AMP,F_285,Fished,IUCN VI,-40.556027,144.344085,GoPro Hero10,IMAS,neville.barrett@utas.edu.au,jacquomo.monk@utas.edu.au,Parks Australia,DMP-MPA-2122-038,Lachlan,Yes,Yes
F_286,20220426,16:43,70,Franklin AMP,F_286,Fished,IUCN VI,-40.567276,144.320253,GoPro Hero10,IMAS,neville.barrett@utas.edu.au,jacquomo.monk@utas.edu.au,Parks Australia,DMP-MPA-2122-038,Lachlan,Yes,Yes
F_287,20220427,9:20,75,Franklin AMP,F_287,Fished,IUCN VI,-40.548545,144.27424,GoPro Hero10,IMAS,neville.barrett@utas.edu.au,jacquomo.monk@utas.edu.au,Parks Australia,DMP-MPA-2122-038,Lachlan,Yes,Yes
F_288,20220423,7:45,84,Franklin AMP,F_288,Fished,IUCN VI,-40.982909,144.276033,GoPro Hero10,IMAS,neville.barrett@utas.edu.au,jacquomo.monk@utas.edu.au,Parks Australia,DMP-MPA-2122-038,Lachlan,Yes,Yes
F_289,20220429,12:34,64,Franklin AMP,F_289,Fished,IUCN VI,-40.572177,144.360928,GoPro Hero10,IMAS,neville.barrett@utas.edu.au,jacquomo.monk@utas.edu.au,Parks Australia,DMP-MPA-2122-038,Lachlan,Yes,Yes
F_290,20220429,9:38,56,Franklin AMP,F_290,Fished,IUCN VI,-40.564856,144.387555,GoPro Hero10,IMAS,neville.barrett@utas.edu.au,jacquomo.monk@utas.edu.au,Parks Australia,DMP-MPA-2122-038,Lachlan,Yes,Yes
F_291,20220429,11:43,48,Franklin AMP,F_291,Fished,IUCN VI,-40.561847,144.370074,GoPro Hero10,IMAS,neville.barrett@utas.edu.au,jacquomo.monk@utas.edu.au,Parks Australia,DMP-MPA-2122-038,Lachlan,Yes,Yes
F_293,20220425,10:50,92,Franklin AMP,F_293,Fished,IUCN VI,-40.714028,144.32124,GoPro Hero10,IMAS,neville.barrett@utas.edu.au,jacquomo.monk@utas.edu.au,Parks Australia,DMP-MPA-2122-038,Lachlan,Yes,Yes
F_294,20220427,16:11,69,Franklin AMP,F_294,Fished,IUCN VI,-40.57708,144.346914,GoPro Hero10,IMAS,neville.barrett@utas.edu.au,jacquomo.monk@utas.edu.au,Parks Australia,DMP-MPA-2122-038,Lachlan,Yes,Yes
F_295,20220425,12:11,87,Franklin AMP,F_295,Fished,IUCN VI,-40.671434,144.348972,GoPro Hero10,IMAS,neville.barrett@utas.edu.au,jacquomo.monk@utas.edu.au,Parks Australia,DMP-MPA-2122-038,Lachlan,Yes,Yes
F_296,20220424,12:07,100,Franklin AMP,F_296,Fished,IUCN VI,-40.890486,144.218943,GoPro Hero10,IMAS,neville.barrett@utas.edu.au,jacquomo.monk@utas.edu.au,Parks Australia,DMP-MPA-2122-038,Lachlan,Yes,Yes
F_297,20220427,17:40,48,Franklin AMP,F_297,Fished,IUCN VI,-40.557326,144.34179,GoPro Hero10,IMAS,neville.barrett@utas.edu.au,jacquomo.monk@utas.edu.au,Parks Australia,DMP-MPA-2122-038,Lachlan,Yes,Yes
F_299,20220429,14:02,50,Franklin AMP,F_299,Fished,IUCN VI,-40.543926,144.386125,GoPro Hero10,IMAS,neville.barrett@utas.edu.au,jacquomo.monk@utas.edu.au,Parks Australia,DMP-MPA-2122-038,Lachlan,Yes,Yes
F_300,20220323,9:38,83,Franklin AMP,F_300,Fished,IUCN VI,-40.977569,144.271142,GoPro Hero10,IMAS,neville.barrett@utas.edu.au,jacquomo.monk@utas.edu.au,Parks Australia,DMP-MPA-2122-038,Lachlan,Yes,Yes
